54.368914, -2.782652, 10:50, 54.246486, -2.860532
54.419610, -2.961804, 12:24, 54.289969, -2.694555
54.193512, -2.849239, 12:14, 54.192167, -2.912755
54.225078, -2.916472, 12:32, 54.333749, -2.738015
54.323721, -2.749398, 10:32, 54.226858, -2.775881
54.379260, -2.820217, 18:18, 54.268405, -2.789958
54.183671, -2.919033, 08:26, 54.213860, -2.804803
54.254141, -2.987478, 12:24, 54.381402, -2.818471
54.204066, -2.599290, 11:54, 54.254658, -2.987997
54.377207, -2.819558, 15:44, 54.298065, -2.726914
54.230879, -2.698655, 17:58, 54.379958, -2.683744
54.213230, -3.146655, 09:28, 54.374060, -2.617653
54.377997, -2.903957, 12:32, 54.232798, -3.052999
54.285591, -3.102305, 15:06, 54.227565, -2.766522
54.226709, -2.773669, 17:02, 54.195314, -3.075880
54.181506, -2.942123, 09:54, 54.240491, -2.713472
54.276616, -2.743797, 19:18, 54.195710, -2.916052
54.249233, -3.174866, 19:30, 54.316258, -2.519432
54.193048, -2.913878, 13:54, 54.325871, -2.727144
54.196522, -2.819534, 17:40, 54.430921, -2.960232
54.110316, -3.150604, 08:16, 54.327729, -2.745075
54.456802, -3.027092, 08:22, 54.255031, -3.170149
54.318524, -2.751210, 12:00, 54.194815, -3.098307
54.200012, -2.834947, 10:44, 54.352761, -2.760512
54.325901, -2.752928, 09:58, 54.325057, -2.732386
54.383677, -2.914678, 11:56, 54.281613, -2.475886
54.366984, -2.905654, 09:04, 54.199270, -2.833032
54.378667, -2.905606, 18:52, 54.432671, -2.957023
54.323722, -2.528877, 08:02, 54.323950, -2.528096
54.161462, -3.079259, 12:58, 54.298745, -2.801050
54.245932, -2.773860, 14:14, 54.349426, -2.778960
54.308684, -2.866196, 10:10, 54.325146, -2.887729
54.436177, -2.967018, 10:32, 54.258609, -3.082518
54.377334, -2.832569, 16:10, 54.339809, -2.755089
54.327686, -2.752038, 14:28, 54.310103, -2.352592
54.196001, -3.100285, 16:58, 54.296332, -3.026856
54.367518, -2.913562, 14:36, 54.319679, -2.747604
54.182551, -3.089922, 08:18, 54.275835, -3.207813
54.385837, -2.913106, 17:50, 54.360006, -2.920397
54.189025, -2.918141, 19:10, 54.276528, -3.211350
54.374564, -2.988645, 17:16, 54.318919, -2.757013
54.219331, -2.933491, 16:20, 54.332698, -2.495203
54.199091, -3.098574, 18:08, 54.198688, -3.094394
54.261795, -3.170557, 09:42, 54.174693, -3.120478
54.224958, -2.770630, 16:32, 54.345133, -2.738512
54.381147, -2.695863, 17:56, 54.390921, -2.967706
54.332225, -2.725516, 15:02, 54.161773, -3.108352
54.286670, -2.665974, 08:14, 54.388604, -2.666007
54.195824, -3.084201, 15:16, 54.457960, -3.024265
54.331090, -2.725973, 19:18, 54.319450, -2.726198
54.365012, -2.921527, 11:26, 54.358454, -2.660705
54.308266, -2.846651, 17:20, 54.233744, -3.165972
54.183774, -2.941715, 14:36, 54.402388, -2.938276
54.370231, -3.046431, 12:12, 54.197233, -3.097283
54.199830, -2.950373, 06:46, 54.185374, -3.116262
54.334694, -2.747967, 17:10, 54.241913, -3.177159
54.178918, -2.923479, 17:58, 54.196719, -2.903918
54.292130, -2.570582, 08:04, 54.240565, -2.607967
54.371981, -3.073278, 18:54, 54.288399, -2.738019
54.309914, -2.709585, 15:22, 54.178918, -2.923479
54.435315, -2.963621, 15:06, 54.313472, -3.017292
54.347316, -2.926267, 15:44, 54.195763, -2.886224
54.210842, -2.771655, 09:02, 54.291778, -3.157504
54.313972, -2.738707, 18:10, 54.368536, -2.782660
54.163738, -3.125191, 07:12, 54.183514, -3.078731
54.276116, -2.378071, 17:32, 54.362800, -2.922922
54.434081, -3.035527, 16:54, 54.364273, -2.983378
54.374184, -2.908955, 17:12, 54.325866, -2.749854
54.196065, -3.097221, 08:20, 54.302798, -2.703332
54.331465, -2.508847, 17:22, 54.282052, -2.447826
54.429226, -2.964293, 15:28, 54.258810, -2.706927
54.199761, -3.082082, 17:22, 54.435442, -2.964565
54.180546, -3.102801, 10:06, 54.312359, -2.751067
54.168022, -2.929792, 17:50, 54.240635, -3.179102
54.193788, -3.090662, 10:00, 54.429863, -2.963124
54.321534, -2.745438, 12:24, 54.332538, -2.753557
54.385837, -2.913106, 14:12, 54.436114, -2.961420
54.274602, -2.766980, 12:04, 54.274496, -3.036985
54.373703, -2.771723, 11:18, 54.235075, -3.183316
54.225775, -2.770768, 09:34, 54.296321, -2.738776
54.164470, -3.066457, 11:24, 54.196645, -3.122069
54.202603, -2.894680, 16:38, 54.388604, -2.666007
54.375105, -2.895364, 17:02, 54.325866, -2.749854
54.176489, -3.096335, 16:36, 54.356533, -2.766629
54.276300, -2.482763, 10:56, 54.181627, -2.940455
54.198546, -3.100184, 20:58, 54.322708, -2.746060
54.431655, -2.961562, 09:28, 54.253553, -3.155664
54.378433, -2.817642, 14:40, 54.379264, -2.909989
54.360103, -2.843147, 16:38, 54.181506, -2.942123
54.442649, -3.067231, 16:46, 54.367494, -2.681903
54.194002, -3.077839, 17:40, 54.257146, -3.140751
54.377777, -2.903354, 08:32, 54.326898, -2.748702
54.338496, -2.900613, 10:08, 54.196313, -3.092660
54.365136, -2.917110, 17:52, 54.155484, -3.117830
54.260272, -2.707381, 09:44, 54.204725, -2.778102
54.374564, -2.988645, 16:50, 54.309072, -2.942760
54.213173, -2.683160, 15:26, 54.432146, -2.964438
54.290524, -2.901348, 08:18, 54.428481, -2.956275
54.236212, -2.845512, 09:52, 54.199277, -3.097843
54.378135, -2.904837, 20:36, 54.365277, -2.917452
54.332614, -2.750113, 16:36, 54.378265, -2.830494
54.383756, -2.994363, 15:36, 54.249403, -2.934661
54.326655, -2.732676, 15:26, 54.263907, -2.791991
54.422031, -2.961550, 18:48, 54.382890, -3.061199
54.316007, -2.853882, 16:18, 54.421488, -2.956390
54.379645, -2.905874, 15:34, 54.268283, -2.973675
54.327222, -2.933011, 18:26, 54.421762, -2.989165
54.272094, -2.769944, 08:44, 54.367980, -2.911879
54.333172, -2.732392, 11:32, 54.301074, -2.400304
54.319519, -2.748737, 10:18, 54.220704, -2.670694
54.338776, -2.925185, 09:42, 54.322670, -2.798378
54.197261, -3.090294, 15:14, 54.213230, -3.146655
54.199881, -2.595244, 18:04, 54.197521, -3.092339
54.325197, -2.725531, 09:26, 54.196327, -2.661209
54.369781, -2.903022, 15:06, 54.323724, -2.526432
54.274667, -3.208594, 18:36, 54.181443, -2.967082
54.206484, -2.728278, 11:28, 54.193553, -3.092817
54.283021, -2.876654, 18:54, 54.277710, -3.210833
54.354640, -2.926249, 16:48, 54.200776, -2.948999
54.200281, -3.095233, 16:50, 54.204355, -2.873868
54.290027, -3.092852, 12:22, 54.202230, -2.733246
54.192831, -2.921092, 09:56, 54.342661, -2.737083
54.243288, -2.925852, 18:48, 54.325659, -2.748418
54.263935, -2.793112, 16:40, 54.180822, -3.089248
54.199270, -2.833032, 17:04, 54.197529, -3.098379
54.328942, -2.750877, 15:54, 54.346799, -2.929073
54.331090, -2.725973, 18:18, 54.204008, -2.604027
54.312919, -2.733062, 16:54, 54.317281, -2.726729
54.310006, -2.966621, 17:32, 54.246717, -2.701547
54.187776, -3.088558, 13:16, 54.428713, -2.964450
54.213323, -2.807215, 14:32, 54.322193, -2.758072
54.245932, -2.773860, 19:48, 54.349152, -2.801661
54.432952, -2.964843, 15:38, 54.351826, -2.761987
54.197460, -3.094055, 12:20, 54.254198, -3.163357
54.327771, -2.749964, 09:26, 54.214701, -2.953260
54.316992, -3.000499, 16:32, 54.322799, -2.747336
54.330884, -2.740657, 09:40, 54.193264, -3.093959
54.185672, -3.086663, 14:38, 54.366684, -3.051145
54.188127, -3.097455, 12:22, 54.359208, -2.922443
54.312525, -2.680826, 18:56, 54.158266, -3.076909
54.290306, -2.693700, 15:08, 54.319312, -2.492248
54.434803, -2.966878, 08:20, 54.334904, -2.743205
54.334691, -2.735356, 15:38, 54.365867, -2.770083
54.188442, -3.094445, 16:06, 54.314437, -2.736163
54.333477, -2.752991, 17:34, 54.199635, -3.095078
54.342661, -2.737083, 09:36, 54.256456, -2.695895
54.195383, -3.094184, 10:18, 54.368589, -2.910923
54.313953, -2.731512, 08:56, 54.422496, -3.015476
54.309101, -2.735822, 17:46, 54.374383, -2.999725
54.203686, -2.831372, 15:36, 54.333061, -2.743218
54.197543, -3.086868, 14:38, 54.277272, -3.210666
54.334035, -2.735377, 10:08, 54.267415, -3.071739
54.237098, -2.572781, 19:44, 54.201587, -2.832142
54.234028, -3.055194, 09:02, 54.419164, -3.034304
54.277234, -3.213461, 08:34, 54.185812, -2.921242
54.177671, -2.925565, 17:02, 54.432644, -2.965128
54.308229, -2.431792, 12:40, 54.192167, -2.912755
54.313706, -2.745465, 14:10, 54.330854, -2.745560
54.372651, -2.860739, 18:44, 54.367899, -2.782494
54.427136, -2.961456, 12:08, 54.160383, -3.121639
54.433768, -2.962676, 12:42, 54.330514, -2.737929
54.323195, -2.527960, 09:18, 54.276116, -2.378071
54.315666, -2.867617, 09:48, 54.379851, -2.816701
54.374039, -2.893602, 12:38, 54.302992, -2.852875
54.235484, -3.059297, 19:42, 54.268261, -2.784521
54.366984, -2.905654, 09:20, 54.263951, -3.204365
54.422390, -2.986021, 09:18, 54.370067, -3.071135
54.374341, -2.818069, 16:28, 54.329218, -3.098198
54.238949, -2.980119, 10:48, 54.329912, -2.733441
54.369234, -3.072853, 15:16, 54.250030, -2.986843
54.434184, -2.965722, 18:44, 54.411522, -2.768674
54.191118, -2.910003, 17:28, 54.327770, -2.744368
54.361681, -2.994797, 09:06, 54.192421, -3.093738
54.316414, -2.743577, 09:06, 54.337785, -2.932666
54.315763, -2.755725, 12:10, 54.318607, -2.745093
54.201603, -2.596020, 16:04, 54.328854, -2.752028
54.235261, -2.773062, 14:10, 54.194742, -3.098382
54.202208, -2.832002, 18:46, 54.190130, -2.914641
54.179259, -3.094095, 19:02, 54.179036, -2.927971
54.262035, -2.708763, 16:12, 54.325273, -2.525388
54.293077, -3.095467, 09:16, 54.275835, -3.207813
54.194881, -2.912738, 09:42, 54.354640, -2.926249
54.177644, -2.926653, 12:06, 54.340926, -2.751803
54.259910, -2.706223, 07:20, 54.319010, -2.745238
54.347608, -2.953244, 18:52, 54.438866, -3.021463
54.185812, -2.921242, 10:40, 54.214520, -2.606142
54.236417, -2.570546, 17:54, 54.439432, -3.047751
54.223993, -2.772622, 13:00, 54.188595, -2.766306
54.317729, -2.743094, 16:36, 54.286231, -2.967032
54.427136, -2.961456, 09:32, 54.196937, -2.905885
54.325286, -2.753470, 16:28, 54.368155, -3.076100
54.257416, -2.707087, 13:20, 54.330746, -2.732333
54.242199, -3.078435, 17:20, 54.312977, -2.850208
54.312663, -2.726603, 12:00, 54.183248, -2.722797
54.180883, -2.977473, 09:24, 54.359208, -2.922443
54.321938, -2.746982, 08:30, 54.161424, -2.984090
54.196503, -3.091592, 12:06, 54.372768, -2.900178
54.346251, -2.922182, 08:56, 54.382483, -2.913432
54.264680, -3.050557, 11:06, 54.198618, -3.089226
54.322260, -2.747250, 14:28, 54.325490, -2.516999
54.378433, -2.817642, 16:30, 54.310766, -2.945658
54.222408, -2.782914, 08:54, 54.377334, -2.832569
54.327332, -2.729105, 09:56, 54.241454, -3.167018
54.251457, -2.993630, 18:46, 54.352513, -2.925801
54.322438, -2.747562, 15:52, 54.192960, -3.092786
54.346119, -2.613816, 17:36, 54.431706, -2.955410
54.378545, -2.817029, 09:12, 54.378673, -2.903710
54.199165, -2.946985, 17:22, 54.179994, -2.721422
54.210722, -2.810278, 10:00, 54.479426, -3.030947
54.377298, -2.816696, 19:18, 54.312019, -2.742130
54.381895, -2.905477, 09:06, 54.315701, -2.741321
54.224395, -2.939832, 11:58, 54.159037, -3.121403
54.376957, -2.909707, 07:26, 54.331324, -2.742170
54.326491, -2.901383, 09:04, 54.338458, -2.748266
54.219331, -2.933491, 14:38, 54.318534, -2.726013
54.324541, -2.528362, 17:42, 54.319074, -2.758076
54.319051, -2.818080, 15:22, 54.194458, -3.073099
54.333061, -2.743218, 10:46, 54.219703, -2.863165
54.376807, -2.998937, 12:10, 54.204008, -2.604027
54.211233, -2.581960, 15:44, 54.313358, -2.742154
54.199924, -2.953211, 17:44, 54.364721, -2.914977
54.199969, -3.099808, 17:50, 54.328436, -2.744071
54.200915, -2.784883, 10:38, 54.200356, -2.831842
54.366729, -3.077802, 12:32, 54.266940, -2.908572
54.320662, -2.755692, 10:54, 54.367980, -2.911879
54.370348, -2.911208, 08:12, 54.226709, -2.773669
54.320883, -2.526642, 10:42, 54.203950, -2.947738
54.366070, -2.917146, 09:20, 54.186865, -3.123137
54.323195, -2.527960, 10:32, 54.404817, -2.841707
54.211233, -2.581960, 17:30, 54.371862, -2.754371
54.181616, -3.097835, 19:00, 54.377353, -2.815221
54.214462, -3.107156, 12:46, 54.257970, -2.419554
54.199164, -2.835344, 15:42, 54.199452, -2.725992
54.314792, -2.729606, 14:10, 54.204725, -2.778102
54.313046, -2.725486, 07:46, 54.276968, -2.745248
54.204288, -2.730079, 16:20, 54.376807, -2.998937
54.296611, -3.009898, 16:12, 54.367283, -2.661832
54.238795, -2.919875, 15:18, 54.415090, -2.914376
54.364621, -2.797360, 17:16, 54.198311, -2.831433
54.323523, -2.527168, 14:54, 54.333352, -2.744067
54.324090, -2.753679, 08:44, 54.245468, -3.065507
54.325563, -2.753706, 12:58, 54.278251, -3.212462
54.402181, -2.937177, 10:14, 54.374376, -2.853217
54.267224, -2.786528, 12:16, 54.337898, -2.745918
54.201121, -2.953055, 17:10, 54.322904, -2.730180
54.313363, -2.722110, 16:56, 54.366182, -2.918965
54.338292, -2.756153, 15:54, 54.276546, -2.957513
54.374502, -2.907331, 11:50, 54.324589, -2.747201
54.333763, -2.643115, 17:26, 54.382482, -2.846962
54.240935, -3.061784, 14:22, 54.362878, -2.636950
54.326098, -2.801858, 09:08, 54.375538, -2.897498
54.211625, -3.084079, 17:54, 54.178821, -2.925606
54.328305, -3.127112, 20:44, 54.361374, -2.742807
54.214828, -2.605872, 15:20, 54.432952, -2.964843
54.187696, -2.919184, 07:54, 54.381939, -2.918763
54.311432, -2.437755, 14:12, 54.434576, -2.958177
54.317413, -2.734587, 16:26, 54.199329, -2.727002
54.157788, -2.965780, 12:34, 54.394096, -2.896471
54.290404, -2.602112, 10:40, 54.196001, -3.100285
54.200741, -3.089113, 07:22, 54.190307, -2.963534
54.323195, -2.527960, 08:02, 54.200464, -2.593659
54.196701, -3.097437, 19:46, 54.193995, -3.089626
54.351678, -2.762677, 18:52, 54.336881, -3.099571
54.254658, -2.987997, 09:18, 54.373648, -2.902601
54.181699, -3.095585, 17:30, 54.391608, -2.918858
54.310717, -2.728642, 13:16, 54.197299, -3.087030
54.255242, -2.852687, 09:52, 54.215657, -2.806371
54.190605, -3.088862, 16:08, 54.195484, -3.098861
54.187797, -2.914175, 12:52, 54.348241, -2.562206
54.323077, -2.747372, 17:50, 54.216722, -2.895952
54.168019, -2.724722, 08:00, 54.338122, -2.758996
54.318927, -2.741194, 09:26, 54.462224, -3.024683
54.386917, -2.735181, 10:30, 54.329912, -2.733441
54.379557, -2.906901, 12:16, 54.141984, -3.090370
54.220721, -3.085069, 19:26, 54.223483, -2.955303
54.196686, -2.841532, 16:06, 54.315579, -2.740457
54.135424, -3.108015, 16:56, 54.315222, -3.151413
54.316258, -2.519432, 19:42, 54.181443, -2.721156
54.364340, -2.921279, 10:20, 54.278530, -3.210581
54.277328, -2.745147, 19:08, 54.297872, -3.158443
54.377482, -2.907920, 17:18, 54.319281, -2.756635
54.212088, -2.578309, 11:16, 54.230449, -3.188507
54.238949, -2.980119, 17:58, 54.351995, -2.760975
54.223333, -2.771781, 11:32, 54.325417, -2.487016
54.381902, -2.818959, 09:22, 54.322904, -2.730180
54.251992, -2.685981, 09:58, 54.347894, -2.872821
54.198270, -2.949908, 17:04, 54.316019, -2.731733
54.349765, -2.657119, 12:12, 54.332580, -2.736735
54.438866, -3.021463, 09:44, 54.200556, -2.595055
54.205796, -2.731807, 10:30, 54.312397, -2.352416
54.214156, -2.896570, 09:36, 54.163132, -3.073467
54.328436, -2.744071, 09:28, 54.194369, -2.907990
54.290518, -2.471238, 17:36, 54.332210, -2.752889
54.275181, -2.575797, 15:58, 54.317412, -2.725747
54.190476, -3.086192, 10:08, 54.160671, -3.136899
54.264680, -3.050557, 18:24, 54.358268, -2.923146
54.335643, -2.747077, 13:46, 54.130538, -3.098823
54.201277, -3.097359, 20:26, 54.325816, -2.750681
54.328842, -2.751075, 09:42, 54.198140, -2.837913
54.250324, -2.849086, 10:00, 54.383950, -2.857940
54.321157, -2.752626, 15:20, 54.336810, -2.735655
54.211625, -3.084079, 16:22, 54.294430, -2.734962
54.197261, -3.090294, 13:38, 54.372676, -2.905333
54.323800, -2.726091, 18:12, 54.323523, -2.527168
54.324084, -2.530250, 16:20, 54.363137, -2.919869
54.271193, -2.953688, 15:46, 54.238906, -2.572685
54.318103, -2.971269, 16:58, 54.245660, -2.937538
54.205026, -2.905940, 17:28, 54.373123, -2.813411
54.317131, -2.691093, 10:50, 54.428171, -2.963667
54.191460, -2.912432, 15:42, 54.187200, -2.916997
54.327771, -2.749964, 10:34, 54.182134, -3.094202
54.333061, -2.751921, 20:46, 54.184471, -3.096225
54.380179, -2.817279, 15:48, 54.179547, -3.098975
54.186836, -2.916407, 08:26, 54.264680, -3.050557
54.362278, -2.659935, 08:38, 54.252408, -2.987299
54.200281, -3.095233, 15:18, 54.202690, -2.603440
54.197651, -3.096758, 12:10, 54.232042, -2.811508
54.193458, -3.095283, 09:40, 54.269433, -2.789441
54.307850, -3.091757, 10:24, 54.193747, -2.843925
54.202400, -2.598485, 19:40, 54.310486, -2.740136
54.208344, -2.808391, 10:58, 54.202137, -2.834468
54.246145, -3.007760, 10:22, 54.188440, -2.914711
54.197319, -2.830585, 11:58, 54.368342, -2.895805
54.359927, -2.893821, 18:54, 54.327729, -2.745075
54.333024, -2.749231, 17:14, 54.258544, -2.731805
54.371828, -2.910366, 19:52, 54.311321, -2.731327
54.331620, -2.724460, 09:48, 54.318873, -2.729447
54.185215, -3.000453, 16:04, 54.406495, -3.029655
54.195013, -2.830018, 16:40, 54.356233, -2.471190
54.381895, -2.905477, 17:48, 54.432102, -2.963099
54.293077, -3.095467, 11:28, 54.176128, -2.970803
54.257805, -2.705129, 13:54, 54.320658, -2.581416
54.332041, -2.738094, 18:16, 54.258544, -2.731805
54.324526, -2.752857, 09:04, 54.340926, -2.751803
54.220827, -3.099167, 12:58, 54.375623, -2.902950
54.361374, -2.742807, 15:22, 54.376564, -2.904479
54.325816, -2.750681, 09:04, 54.249791, -3.151583
54.232803, -3.178572, 11:32, 54.166170, -3.122730
54.354415, -2.767576, 15:32, 54.331602, -2.727629
54.208344, -2.808391, 15:12, 54.277712, -2.747043
54.375716, -2.908540, 09:56, 54.421762, -2.989165
54.329310, -2.743858, 20:58, 54.364340, -2.921279
54.328351, -2.750574, 15:40, 54.382289, -2.945441
54.353528, -3.193181, 17:02, 54.333825, -2.737402
54.183277, -2.940907, 15:22, 54.268692, -2.790164
54.277530, -2.958135, 18:30, 54.184376, -3.097801
54.360934, -2.918850, 15:24, 54.193732, -2.768317
54.224734, -2.773387, 17:50, 54.329881, -2.748787
54.221635, -2.714848, 06:24, 54.327334, -2.750832
54.193419, -2.827947, 08:46, 54.322652, -2.728763
54.302992, -2.852875, 13:04, 54.195491, -3.096149
54.320286, -2.752518, 17:08, 54.196360, -3.091512
54.323933, -2.761565, 17:08, 54.269289, -2.438183
54.311426, -2.737693, 09:40, 54.376600, -2.724821
54.338398, -2.932419, 11:52, 54.188250, -2.918446
54.298400, -2.902059, 15:10, 54.199881, -2.595244
54.320280, -2.743403, 16:42, 54.226097, -2.772630
54.419861, -2.960913, 11:00, 54.195314, -3.075880
54.180210, -3.093369, 13:00, 54.425962, -2.962107
54.371543, -2.743465, 14:20, 54.363923, -2.912266
54.200182, -2.597793, 10:28, 54.311945, -2.806948
54.185179, -2.722739, 18:06, 54.328503, -2.766463
54.294772, -2.912426, 17:40, 54.433505, -3.025107
54.196591, -3.093787, 17:52, 54.309072, -2.942760
54.372651, -2.899021, 13:42, 54.215154, -2.579546
54.195164, -2.915779, 07:02, 54.382539, -2.819156
54.313264, -2.750161, 19:26, 54.173493, -3.067669
54.370218, -2.904604, 08:58, 54.393614, -2.922184
54.192720, -2.857146, 12:16, 54.196364, -3.085089
54.375354, -2.817168, 10:56, 54.261257, -3.032753
54.248893, -2.645200, 17:40, 54.180474, -3.094985
54.319622, -2.745235, 10:44, 54.370108, -3.074661
54.370007, -2.919423, 17:40, 54.254658, -2.987997
54.211877, -2.575176, 17:12, 54.410249, -2.947916
54.431703, -2.964616, 14:56, 54.372063, -2.686137
54.349676, -2.949813, 14:56, 54.276889, -3.209366
54.326491, -2.901383, 12:52, 54.196065, -3.097221
54.321619, -2.747730, 08:40, 54.173493, -3.067669
54.184612, -2.729073, 08:46, 54.214495, -2.888328
54.369669, -2.909515, 08:56, 54.263996, -2.720556
54.366257, -2.916212, 08:32, 54.198119, -3.113402
54.192052, -3.098679, 09:28, 54.323742, -2.747555
54.278405, -3.212313, 17:46, 54.201384, -3.094434
54.257674, -2.346330, 14:48, 54.315137, -2.562935
54.272548, -2.658484, 15:34, 54.181761, -2.720580
54.366182, -2.918965, 16:46, 54.414840, -2.951442
54.410249, -2.947916, 09:28, 54.246717, -2.701547
54.362800, -2.922922, 09:52, 54.383677, -2.914678
54.187111, -3.145733, 16:12, 54.295884, -2.735372
54.186925, -3.152976, 18:58, 54.191941, -2.734413
54.251991, -2.859880, 13:06, 54.348301, -2.924397
54.126825, -3.140442, 15:06, 54.266818, -2.712928
54.196677, -2.952370, 16:32, 54.386672, -2.913204
54.370231, -3.046431, 08:56, 54.322700, -2.820704
54.452729, -3.010163, 12:04, 54.218801, -2.614333
54.389616, -2.916224, 17:32, 54.228848, -2.748184
54.310016, -2.756434, 08:58, 54.320514, -2.823582
54.338618, -2.745718, 18:46, 54.371205, -3.078569
54.320426, -2.734256, 15:24, 54.307631, -2.911558
54.325183, -2.730743, 08:00, 54.313706, -2.745465
54.275699, -2.751213, 09:10, 54.324526, -2.752857
54.426460, -3.036599, 17:24, 54.317729, -2.743094
54.319291, -2.734574, 12:22, 54.327332, -2.729105
54.331090, -2.725973, 08:42, 54.196327, -2.661209
54.359955, -2.667144, 18:56, 54.213173, -2.683160
54.369781, -2.903022, 08:26, 54.375717, -2.910834
54.249753, -2.999728, 08:56, 54.229327, -2.607312
54.378052, -2.905020, 13:32, 54.374646, -2.903852
54.196211, -3.096060, 18:40, 54.197460, -3.094055
54.289969, -2.694555, 15:04, 54.347357, -2.929083
54.185635, -2.919537, 12:26, 54.377882, -2.907313
54.354423, -2.924075, 12:06, 54.375717, -2.910834
54.374944, -2.999443, 16:08, 54.315495, -2.860159
54.266658, -2.867555, 15:42, 54.298638, -2.499622
54.370310, -2.902033, 14:30, 54.409039, -2.984391
54.291604, -2.680527, 12:26, 54.378871, -2.818038
54.362334, -2.773049, 16:48, 54.275910, -2.747624
54.196668, -3.088240, 12:54, 54.246567, -2.619228
54.428345, -2.962145, 16:02, 54.330352, -2.746798
54.201489, -2.955363, 17:32, 54.303488, -3.198973
54.353115, -3.083524, 19:40, 54.192144, -2.919329
54.231506, -2.774189, 14:36, 54.334089, -2.733838
54.228702, -2.768506, 17:28, 54.149150, -3.134822
54.321427, -2.551570, 11:14, 54.337967, -2.931132
54.194953, -3.092011, 18:40, 54.363281, -2.917546
54.376600, -2.724821, 12:18, 54.184060, -2.722153
54.355954, -2.725137, 09:34, 54.319430, -2.940998
54.361778, -3.078642, 10:24, 54.393718, -2.913312
54.350439, -2.712468, 07:10, 54.165004, -3.103031
54.340256, -2.755482, 18:32, 54.312050, -2.937710
54.201692, -2.603502, 17:40, 54.327618, -2.741290
54.251301, -3.013488, 12:06, 54.194538, -3.087187
54.433073, -2.961842, 16:34, 54.321804, -2.531555
54.255038, -2.987684, 09:16, 54.307850, -3.091757
54.363923, -2.912266, 13:36, 54.321076, -2.746967
54.305414, -3.024224, 17:20, 54.337313, -2.760442
54.276138, -2.916423, 17:46, 54.209324, -2.728083
54.367494, -2.681903, 17:30, 54.341363, -2.753795
54.255594, -2.987912, 14:04, 54.312663, -2.726603
54.333933, -2.732944, 09:20, 54.374502, -2.907331
54.193483, -3.096524, 15:06, 54.195001, -2.760953
54.331913, -2.751515, 16:46, 54.202715, -2.953873
54.374546, -2.909946, 17:18, 54.222408, -2.782914
54.341620, -2.733959, 18:20, 54.405006, -2.944778
54.387880, -2.822758, 12:34, 54.185077, -3.091858
54.313031, -2.916521, 17:58, 54.171926, -2.973615
54.204008, -2.604027, 16:02, 54.366017, -3.078030
54.328379, -2.744670, 15:36, 54.202445, -2.832651
54.191174, -3.098364, 17:10, 54.326916, -2.747165
54.322999, -2.519382, 10:22, 54.383100, -2.709215
54.393148, -2.921942, 17:40, 54.298638, -2.499622
54.188573, -3.088946, 17:24, 54.205239, -2.894323
54.181473, -3.096804, 07:36, 54.323511, -2.525412
54.236363, -2.653826, 18:16, 54.326104, -2.730208
54.277216, -3.051767, 14:52, 54.180822, -3.089248
54.162938, -3.120344, 17:10, 54.342830, -2.750563
54.184491, -2.948872, 18:38, 54.368155, -3.076100
54.265656, -2.791150, 09:32, 54.185315, -2.715401
54.321872, -2.869579, 19:12, 54.367840, -2.914757
54.362878, -2.636950, 09:42, 54.199881, -2.595244
54.314662, -2.753691, 13:52, 54.387657, -2.925392
54.202186, -2.598190, 15:40, 54.268726, -2.788859
54.196645, -3.122069, 09:14, 54.399783, -2.909966
54.240884, -2.774809, 09:36, 54.208379, -2.603431
54.365136, -2.917110, 16:44, 54.376017, -2.901958
54.328810, -2.749092, 17:02, 54.276529, -3.210246
54.435031, -3.036985, 13:54, 54.201587, -2.832142
54.195305, -3.094871, 09:38, 54.373360, -2.997314
54.276715, -2.589657, 19:04, 54.308210, -2.725647
54.326393, -2.728412, 17:26, 54.430905, -3.041259
54.377683, -2.818228, 17:20, 54.238218, -3.060149
54.230358, -2.773646, 13:00, 54.429660, -2.963964
54.367744, -2.764593, 09:34, 54.433073, -2.961842
54.187797, -2.914175, 12:48, 54.323988, -2.515104
54.318800, -2.808620, 10:06, 54.374922, -2.906447
54.259377, -2.775432, 10:36, 54.320839, -2.707236
54.366017, -3.078030, 17:44, 54.401548, -3.062266
54.377986, -2.818603, 12:48, 54.331298, -2.733250
54.344673, -2.737290, 08:44, 54.195194, -3.095221
54.370067, -3.071135, 14:14, 54.293098, -3.216954
54.276275, -2.751179, 14:24, 54.212794, -3.080015
54.323623, -2.524724, 18:12, 54.126825, -3.140442
54.316693, -2.339709, 19:42, 54.152419, -3.129416
54.217998, -2.807107, 16:28, 54.422346, -2.979300
54.374768, -2.904319, 08:24, 54.185128, -3.094112
54.362080, -2.900301, 17:34, 54.330835, -2.725030
54.375679, -3.053346, 17:08, 54.319132, -2.739983
54.180666, -2.843397, 20:24, 54.313706, -2.745465
54.312663, -2.726603, 13:30, 54.212088, -2.578309
54.214495, -2.888328, 15:38, 54.426460, -3.036599
54.432056, -2.976754, 14:52, 54.365830, -2.791075
54.345514, -2.780746, 18:16, 54.180848, -2.721116
54.194538, -3.087187, 15:02, 54.181061, -2.924201
54.349564, -2.923779, 16:20, 54.199870, -2.948734
54.366273, -2.896142, 16:54, 54.307581, -2.669787
54.180007, -3.094865, 17:58, 54.194262, -3.089893
54.277252, -3.210880, 11:30, 54.329969, -2.738918
54.323722, -2.528877, 09:56, 54.390921, -2.967706
54.336505, -2.898801, 17:52, 54.315002, -2.749562
54.323570, -2.939156, 15:46, 54.177937, -3.097201
54.367275, -2.908757, 10:58, 54.186895, -2.918186
54.233659, -3.055184, 14:58, 54.326226, -2.751165
54.375437, -2.999396, 11:12, 54.140896, -3.112966
54.377761, -2.919809, 11:32, 54.413726, -2.906887
54.216648, -2.805808, 10:14, 54.246777, -2.715852
54.210395, -2.578697, 09:04, 54.365903, -3.076703
54.241454, -3.167018, 14:14, 54.194699, -3.094303
54.198450, -2.830624, 18:42, 54.201343, -2.595587
54.240053, -2.954550, 17:22, 54.323865, -2.749417
54.205475, -2.810220, 17:54, 54.321804, -2.745381
54.219331, -2.933491, 18:58, 54.332240, -2.730422
54.225774, -2.935891, 10:02, 54.330061, -2.722141
54.349564, -2.923779, 18:34, 54.142582, -3.152540
54.368117, -2.904324, 19:32, 54.194872, -2.828298
54.177671, -2.925565, 16:58, 54.403343, -3.058612
54.376131, -2.901191, 15:44, 54.176055, -2.972073
54.328493, -2.739182, 12:44, 54.219457, -2.901624
54.322951, -2.522287, 14:20, 54.320883, -2.526642
54.457447, -3.016650, 16:12, 54.422306, -2.962034
54.323415, -2.525122, 10:24, 54.174271, -3.122398
54.178251, -2.945711, 17:16, 54.385181, -2.913002
54.356662, -2.770465, 19:46, 54.316731, -2.728502
54.195946, -2.845839, 08:28, 54.323877, -2.751707
54.243852, -2.648420, 08:28, 54.362074, -2.774442
54.364721, -2.914977, 09:00, 54.220721, -3.085069
54.322370, -2.748359, 13:50, 54.315068, -2.740403
54.296557, -2.733985, 09:52, 54.315308, -2.521191
54.212204, -2.576577, 20:36, 54.201960, -2.834036
54.374341, -2.818069, 11:06, 54.332937, -2.750196
54.433241, -2.961137, 16:42, 54.328646, -2.750810
54.463748, -3.015739, 18:52, 54.325453, -2.754027
54.268947, -2.788096, 08:10, 54.379997, -2.912961
54.385835, -3.048248, 19:24, 54.285348, -2.483329
54.166170, -3.122730, 09:52, 54.297451, -2.643655
54.178784, -3.091003, 17:40, 54.263272, -2.701645
54.328442, -2.731447, 09:14, 54.323017, -2.523641
54.149150, -3.134822, 14:16, 54.214462, -3.107156
54.433512, -2.960881, 16:14, 54.333518, -2.730168
54.233794, -3.054144, 06:02, 54.177193, -2.943158
54.324610, -2.745201, 15:40, 54.189099, -3.088393
54.213808, -2.866615, 15:42, 54.194387, -2.910382
54.328082, -2.724044, 16:46, 54.430308, -2.963735
54.245399, -3.171703, 10:36, 54.435315, -2.963621
54.211233, -2.581960, 19:00, 54.372252, -2.900721
54.371828, -2.910366, 18:02, 54.365978, -2.915084
54.306846, -2.725285, 07:28, 54.189242, -3.068443
54.376138, -2.816827, 18:24, 54.196317, -3.095251
54.222733, -3.188071, 11:26, 54.349152, -2.801661
54.323628, -2.327032, 16:54, 54.379870, -2.788097
54.313563, -2.574737, 15:48, 54.319281, -2.756635
54.202210, -3.097507, 12:48, 54.193356, -3.074711
54.332574, -2.727278, 17:50, 54.322676, -2.535767
54.188384, -2.983458, 16:38, 54.371205, -3.078569
54.431655, -2.961562, 16:32, 54.197981, -2.905786
54.259910, -2.706223, 19:20, 54.311945, -2.806948
54.454138, -3.016861, 17:36, 54.282185, -2.899907
54.179994, -2.721422, 06:52, 54.246572, -2.570687
54.327126, -2.745200, 18:08, 54.460300, -3.024681
54.192832, -3.091051, 08:16, 54.317360, -2.729897
54.378051, -2.815680, 17:50, 54.114845, -3.157247
54.371882, -2.908102, 19:00, 54.369507, -2.913190
54.342765, -2.749439, 14:10, 54.310509, -2.427032
54.351184, -2.870227, 10:42, 54.179813, -3.092562
54.199599, -3.094035, 09:22, 54.219275, -3.141393
54.251522, -2.992343, 10:00, 54.235261, -2.773062
54.232106, -3.082330, 17:26, 54.303071, -3.228851
54.181699, -3.095585, 09:06, 54.364896, -2.916735
54.302944, -2.913315, 18:12, 54.309933, -2.857429
54.178821, -2.925606, 09:20, 54.450630, -3.004297
54.306395, -2.419094, 18:50, 54.205500, -2.731710
54.228559, -2.772477, 18:20, 54.399728, -2.749245
54.199832, -2.905902, 15:38, 54.284117, -2.771581
54.309534, -2.728191, 07:48, 54.371608, -2.595756
54.233794, -3.054144, 16:48, 54.259164, -3.145105
54.389590, -2.994363, 15:12, 54.196256, -2.900996
54.335532, -3.114316, 10:10, 54.268473, -2.783665
54.187333, -3.065727, 08:52, 54.260322, -2.992185
54.330482, -2.723902, 20:08, 54.387044, -2.916293
54.368536, -2.782660, 13:14, 54.152913, -3.129445
54.196116, -3.096564, 11:38, 54.310037, -2.758848
54.180333, -2.927586, 17:38, 54.368741, -2.783049
54.418237, -2.912935, 12:40, 54.338496, -2.900613
54.403633, -2.913055, 07:00, 54.333835, -2.750228
54.371205, -3.078569, 17:50, 54.188667, -3.097316
54.199835, -3.091879, 08:48, 54.180682, -3.115369
54.434519, -2.959687, 12:26, 54.378667, -2.905606
54.321534, -2.745438, 12:38, 54.216316, -2.807090
54.310752, -2.444264, 10:56, 54.336810, -2.735655
54.201462, -2.597045, 18:36, 54.195001, -2.760953
54.387657, -2.925392, 19:26, 54.323960, -2.529615
54.173452, -2.976057, 13:10, 54.329985, -2.872348
54.299840, -2.962249, 12:24, 54.328942, -2.750877
54.341214, -2.754561, 18:02, 54.302691, -2.722738
54.252563, -3.055974, 17:54, 54.246572, -2.570687
54.329974, -2.491218, 12:56, 54.374546, -2.909946
54.206604, -2.729261, 16:42, 54.248893, -2.645200
54.315202, -2.859646, 16:50, 54.196387, -3.097383
54.310026, -2.753454, 16:56, 54.189447, -3.099498
54.300936, -2.665591, 14:20, 54.202312, -3.099150
54.413262, -2.836918, 12:08, 54.236449, -3.179750
54.374705, -2.817384, 19:46, 54.195324, -3.084771
54.315193, -2.752102, 12:00, 54.330014, -2.636537
54.200364, -2.595450, 07:58, 54.366182, -2.918965
54.196093, -3.086262, 19:42, 54.422380, -2.965013
54.370539, -2.909750, 19:08, 54.191859, -3.107041
54.432483, -2.962645, 13:48, 54.463808, -3.028808
54.201933, -3.094433, 12:16, 54.344615, -2.740887
54.363558, -2.918937, 13:52, 54.115361, -3.158727
54.378947, -2.905520, 08:30, 54.151907, -3.129278
54.255268, -2.987045, 17:02, 54.420782, -2.961551
54.345349, -2.777068, 10:12, 54.306395, -2.419094
54.192949, -2.909139, 08:26, 54.208014, -2.729393
54.264680, -3.050557, 09:58, 54.330840, -2.738978
54.330239, -2.747565, 06:20, 54.239259, -2.858188
54.364373, -2.920466, 11:08, 54.263996, -2.720556
54.266261, -3.151966, 07:52, 54.276557, -3.212827
54.194538, -3.087187, 15:54, 54.315193, -2.752102
54.196093, -3.086262, 09:10, 54.307571, -2.902858
54.338122, -2.758996, 16:00, 54.192000, -3.083580
54.266014, -2.693569, 17:14, 54.326681, -2.554454
54.174633, -3.118332, 11:44, 54.115975, -3.157493
54.241543, -2.773180, 17:06, 54.194688, -2.731886
54.211239, -2.804292, 09:20, 54.316170, -2.752443
54.335208, -2.741979, 07:08, 54.263272, -2.701645
54.328732, -2.731052, 18:22, 54.375079, -2.913145
54.181699, -3.095585, 16:30, 54.274909, -2.950887
54.210350, -3.074922, 12:46, 54.353903, -2.624272
54.188173, -2.917923, 09:12, 54.176865, -2.926268
54.178124, -3.095413, 09:08, 54.204595, -3.059043
54.272310, -2.407012, 18:42, 54.323933, -2.761565
54.196048, -2.923616, 10:44, 54.191672, -3.093105
54.315068, -2.740403, 17:12, 54.316019, -2.731733
54.188456, -3.095870, 08:04, 54.173714, -2.972570
54.291051, -3.112575, 15:02, 54.438452, -2.970233
54.274139, -2.950532, 18:52, 54.195383, -2.845261
54.199165, -2.946985, 17:50, 54.309933, -2.857429
54.362878, -2.636950, 12:08, 54.214210, -2.742107
54.407787, -2.944346, 15:04, 54.277450, -2.455086
54.321244, -3.186667, 17:02, 54.197570, -3.095851
54.354423, -2.924075, 08:58, 54.215065, -2.604908
54.229281, -2.763547, 10:24, 54.430697, -2.960196
54.324541, -2.528362, 12:12, 54.320123, -2.745535
54.354030, -2.467107, 08:36, 54.315763, -2.755725
54.182164, -2.925711, 19:30, 54.180503, -2.925475
54.180188, -2.940561, 12:30, 54.275835, -3.207813
54.322473, -2.747776, 09:38, 54.378021, -2.826641
54.361305, -2.614430, 18:42, 54.218688, -2.804483
54.322670, -2.798378, 09:32, 54.199772, -2.762574
54.379334, -2.911348, 14:08, 54.340042, -2.747926
54.224979, -2.773238, 08:36, 54.192189, -3.089547
54.333077, -2.736142, 09:24, 54.424707, -2.961890
54.333835, -2.750228, 16:14, 54.373126, -2.902849
54.463819, -3.021961, 20:58, 54.203942, -2.882551
54.373004, -2.896196, 10:36, 54.235261, -2.773062
54.327770, -2.744368, 12:40, 54.432838, -2.963375
54.380757, -3.002759, 15:04, 54.270782, -2.717450
54.194872, -2.828298, 11:16, 54.246918, -2.716237
54.198445, -3.106221, 08:56, 54.321464, -2.732045
54.313275, -2.749715, 17:14, 54.376088, -2.913909
54.262085, -2.701624, 16:46, 54.193831, -3.088931
54.190536, -3.097443, 18:16, 54.376415, -2.815772
54.198296, -2.894985, 12:12, 54.323509, -2.748825
54.319696, -2.757703, 15:24, 54.196678, -3.094111
54.325286, -2.753470, 14:18, 54.352746, -2.923666
54.191859, -3.107041, 12:16, 54.430906, -2.964409
54.315418, -2.753551, 11:54, 54.184491, -2.948872
54.432952, -2.964843, 19:58, 54.182645, -3.115928
54.427136, -2.961456, 12:44, 54.277710, -3.210833
54.227711, -2.768994, 09:04, 54.321419, -2.819939
54.198420, -3.097177, 18:32, 54.240833, -3.178187
54.202812, -3.098550, 11:54, 54.434803, -2.966878
54.340410, -2.759592, 11:36, 54.230715, -2.772824
54.213808, -2.866615, 15:22, 54.310706, -2.727597
54.323820, -2.908827, 10:28, 54.220704, -2.670694
54.256037, -3.175766, 14:44, 54.255621, -2.820091
54.315763, -2.755725, 11:30, 54.314973, -2.741153
54.374023, -2.903084, 17:40, 54.194699, -3.094303
54.199992, -3.072400, 08:08, 54.327700, -2.751208
54.324391, -2.473578, 15:34, 54.430426, -2.962397
54.462875, -3.028463, 09:46, 54.197895, -2.895652
54.341934, -2.932993, 19:12, 54.329713, -2.746847
54.331482, -2.931770, 09:18, 54.196327, -2.661209
54.211720, -2.578181, 14:44, 54.336724, -2.748266
54.205348, -2.728672, 14:00, 54.428631, -2.967901
54.368253, -2.907685, 18:34, 54.434295, -2.961932
54.324149, -2.523701, 15:16, 54.376600, -2.724821
54.310114, -3.016901, 17:56, 54.233659, -3.055184
54.315763, -2.755725, 11:58, 54.181532, -3.089251
54.276288, -2.738908, 16:50, 54.236449, -3.179750
54.314241, -2.757757, 06:44, 54.335643, -2.747077
54.269680, -2.718491, 17:06, 54.351995, -2.760975
54.334821, -2.727238, 16:12, 54.309835, -2.731931
54.296742, -2.739014, 09:52, 54.369635, -2.911626
54.256456, -2.695895, 18:58, 54.313089, -2.700126
54.379437, -2.904927, 09:26, 54.308242, -2.746934
54.320785, -2.509730, 18:50, 54.236151, -2.571849
54.258500, -2.991819, 16:04, 54.302022, -2.393583
54.198688, -3.094394, 08:22, 54.366984, -2.905654
54.206091, -2.730617, 13:16, 54.205220, -2.972160
54.297451, -2.643655, 17:58, 54.114233, -3.160072
54.311537, -2.735804, 08:02, 54.198038, -3.086835
54.349152, -2.801661, 07:24, 54.214701, -2.953260
54.367154, -2.911722, 16:46, 54.363137, -2.919869
54.372989, -2.901892, 07:20, 54.410933, -2.916163
54.190696, -3.099547, 12:22, 54.341363, -2.753795
54.315137, -2.562935, 09:36, 54.182816, -2.941218
54.179864, -3.083937, 19:14, 54.289560, -2.670062
54.195326, -2.823679, 11:22, 54.192052, -3.098679
54.238218, -3.060149, 17:44, 54.276557, -3.212827
54.348241, -2.562206, 14:18, 54.331940, -2.555829
54.295325, -2.884137, 18:30, 54.229224, -2.758330
54.431665, -2.964923, 16:08, 54.199772, -2.762574
54.433631, -2.958402, 19:12, 54.195484, -3.098861
54.433512, -2.960881, 09:00, 54.193322, -2.788892
54.229106, -2.762808, 10:56, 54.434081, -3.035527
54.186502, -2.651995, 15:44, 54.198537, -3.093255
54.329265, -2.746686, 10:36, 54.180666, -2.843397
54.351678, -2.762677, 17:04, 54.368853, -2.598532
54.193764, -3.087320, 12:44, 54.181223, -2.721598
54.105547, -3.131247, 08:14, 54.203246, -2.596028
54.275319, -3.073296, 17:38, 54.239279, -3.175335
54.197977, -3.096552, 08:18, 54.325556, -2.752030
54.220555, -3.185631, 18:06, 54.188173, -2.917923
54.230989, -2.891781, 11:08, 54.182841, -2.921712
54.193085, -3.102676, 11:12, 54.203942, -2.882551
54.363137, -2.919869, 11:12, 54.311945, -2.806948
54.322067, -2.823797, 15:54, 54.313458, -2.736069
54.303391, -2.717081, 12:06, 54.458921, -3.025217
54.234847, -3.123658, 09:34, 54.375474, -2.904797
54.197127, -3.088206, 16:00, 54.322586, -2.521529
54.338251, -2.876370, 16:34, 54.204264, -2.735398
54.179470, -3.095587, 17:44, 54.420288, -2.903300
54.385193, -2.913803, 10:24, 54.402181, -2.937177
54.276729, -2.388781, 12:48, 54.181968, -2.921953
54.224734, -2.773387, 17:44, 54.190553, -3.102409
54.188456, -3.095870, 17:02, 54.174327, -2.968984
54.383950, -2.857940, 18:14, 54.202137, -2.834468
54.316322, -2.745328, 17:52, 54.422704, -2.962678
54.389077, -2.876098, 11:32, 54.328632, -2.745952
54.216170, -2.895188, 07:48, 54.372204, -2.896210
54.352746, -2.923666, 17:34, 54.183561, -2.945970
54.376669, -2.903773, 16:28, 54.430709, -2.963082
54.360716, -2.919228, 16:28, 54.341606, -2.479548
54.355954, -2.725137, 09:50, 54.386362, -2.986773
54.374646, -2.903852, 09:42, 54.387657, -2.925392
54.373004, -2.896196, 11:00, 54.197319, -2.830585
54.377997, -2.903957, 17:42, 54.354517, -2.990333
54.322865, -2.749768, 13:56, 54.458921, -3.025217
54.182164, -2.925711, 08:28, 54.254141, -2.987478
54.177858, -2.941963, 10:24, 54.433913, -3.088434
54.260157, -2.711631, 11:04, 54.202932, -2.596239
54.194290, -3.098661, 17:44, 54.394231, -2.921456
54.368253, -2.907685, 11:44, 54.192040, -2.921135
54.178162, -2.719507, 17:30, 54.374448, -2.899091
54.323899, -3.019331, 12:36, 54.423921, -3.058869
54.324330, -2.742367, 14:36, 54.213230, -3.146655
54.251523, -3.052586, 08:28, 54.217186, -2.594405
54.438086, -2.965475, 12:30, 54.386917, -2.735181
54.194415, -3.095875, 12:32, 54.185812, -2.921242
54.162138, -3.073028, 15:06, 54.199607, -3.080238
54.181053, -2.921657, 14:20, 54.300866, -2.724443
54.239446, -2.559144, 16:22, 54.191498, -3.091384
54.357605, -2.638100, 13:10, 54.202137, -2.834468
54.201603, -2.596020, 09:26, 54.230125, -2.762535
54.233584, -3.053556, 07:32, 54.379557, -2.906901
54.362653, -2.773791, 18:40, 54.269140, -2.786150
54.313214, -2.727380, 17:44, 54.248975, -2.741857
54.322460, -3.093144, 14:20, 54.348625, -2.866191
54.202243, -2.828063, 14:16, 54.189526, -3.077814
54.431706, -2.955410, 13:50, 54.200915, -2.784883
54.196364, -3.085089, 08:18, 54.158266, -3.076909
54.179656, -3.097890, 12:46, 54.245594, -3.013440
54.202501, -2.833633, 09:40, 54.201295, -2.833915
54.248842, -3.052809, 12:20, 54.312170, -2.755630
54.392851, -2.731856, 12:00, 54.365173, -2.909816
54.315701, -2.741321, 18:18, 54.184056, -2.980674
54.396766, -2.712965, 15:18, 54.255016, -2.796410
54.324928, -2.731307, 16:48, 54.199004, -2.832658
54.425172, -2.907479, 17:04, 54.194262, -3.089893
54.312842, -2.842595, 17:32, 54.276300, -2.482763
54.255268, -2.987045, 13:58, 54.199548, -2.834508
54.277807, -2.704118, 11:52, 54.239717, -2.621274
54.194002, -3.077839, 12:56, 54.246777, -2.715852
54.280981, -2.680613, 08:16, 54.196363, -2.902270
54.211196, -2.889607, 09:16, 54.352339, -2.918102
54.448771, -2.982472, 15:56, 54.440486, -3.046375
54.192780, -2.917213, 16:30, 54.369694, -3.075833
54.441421, -2.826193, 13:14, 54.268411, -2.900543
54.327644, -2.750146, 19:38, 54.369781, -2.903022
54.379883, -2.907770, 15:14, 54.325748, -2.729600
54.158266, -3.076909, 15:04, 54.296606, -2.873562
54.252255, -2.991700, 09:52, 54.260527, -3.023570
54.376914, -2.824340, 19:32, 54.422496, -3.015476
54.402039, -2.918272, 15:24, 54.374564, -2.988645
54.252255, -2.991700, 17:50, 54.366182, -2.918965
54.200915, -2.784883, 08:24, 54.341308, -2.751056
54.317387, -2.548811, 13:36, 54.214828, -2.605872
54.325563, -2.753706, 17:52, 54.222677, -2.771784
54.304107, -2.409785, 17:44, 54.251564, -2.987156
54.297588, -3.208420, 14:12, 54.310509, -2.427032
54.194117, -2.732520, 16:00, 54.328993, -2.748573
54.199585, -3.096609, 08:48, 54.365136, -2.917110
54.222267, -3.186063, 12:38, 54.260292, -3.157726
54.373244, -2.912242, 18:04, 54.268581, -3.196162
54.338742, -2.740150, 17:32, 54.438086, -2.965475
54.213002, -2.604419, 14:42, 54.292826, -2.743061
54.376915, -2.906904, 09:14, 54.454229, -3.031578
54.197981, -2.905786, 17:04, 54.181061, -2.924201
54.272009, -2.724198, 16:54, 54.276697, -2.745365
54.202501, -2.833633, 16:16, 54.367305, -3.072448
54.199452, -2.944876, 16:24, 54.328632, -2.745952
54.185043, -3.090570, 08:48, 54.183355, -2.724301
54.180705, -2.953703, 18:18, 54.278016, -3.136030
54.427549, -2.957147, 13:56, 54.175220, -2.973034
54.338125, -3.212761, 13:58, 54.327961, -2.739449
54.338941, -2.931846, 11:28, 54.263951, -3.204365
54.376962, -2.825141, 08:52, 54.208403, -2.810446
54.184905, -2.944330, 09:12, 54.413262, -2.836918
54.321209, -2.719159, 09:30, 54.324928, -2.731307
54.337749, -2.972396, 16:42, 54.331465, -2.508847
54.193188, -3.093405, 09:38, 54.370310, -2.902033
54.377334, -2.832569, 17:22, 54.187164, -3.091683
54.356996, -2.563757, 08:12, 54.322130, -3.019057
54.161561, -3.121593, 18:30, 54.327851, -2.656108
54.325639, -2.753138, 16:38, 54.162821, -3.119499
54.428777, -2.959812, 08:32, 54.199607, -3.080238
54.375712, -3.000927, 19:44, 54.204960, -2.730459
54.432077, -2.963885, 11:30, 54.377577, -2.818041
54.260157, -2.711631, 15:30, 54.173142, -2.989791
54.192831, -2.921092, 17:26, 54.421485, -3.054845
54.200814, -2.732593, 15:38, 54.199270, -2.833032
54.379520, -2.857863, 18:42, 54.323206, -2.751297
54.325426, -2.723244, 10:10, 54.330340, -2.745799
54.390652, -2.823494, 16:32, 54.274667, -3.208594
54.263935, -2.793112, 19:30, 54.295288, -2.662902
54.242071, -2.731790, 12:58, 54.314343, -2.744293
54.319422, -2.746952, 09:20, 54.305334, -2.661557
54.192505, -2.924947, 09:40, 54.174630, -2.977111
54.203053, -2.597344, 11:48, 54.320662, -2.755692
54.197455, -3.089670, 18:42, 54.388936, -3.171434
54.320617, -2.745559, 08:14, 54.179043, -3.093154
54.298745, -2.801050, 09:18, 54.251429, -2.991619
54.377334, -2.832569, 09:36, 54.343198, -2.757813
54.459353, -3.025166, 15:04, 54.380127, -2.584840
54.185077, -3.091858, 14:12, 54.278209, -3.210341
54.196733, -3.089943, 09:34, 54.277544, -2.454104
54.178865, -3.102833, 17:56, 54.452729, -3.010163
54.381476, -2.886837, 12:34, 54.254658, -2.987997
54.275474, -3.208848, 12:38, 54.237599, -2.745611
54.341620, -2.733959, 16:10, 54.242071, -2.731790
54.365588, -3.074604, 19:02, 54.202712, -2.831782
54.374060, -2.617653, 12:52, 54.431631, -2.962468
54.189447, -3.099498, 08:10, 54.194881, -2.912738
54.229492, -2.769948, 19:26, 54.371313, -3.073538
54.310016, -2.756434, 10:12, 54.365012, -2.921527
54.382483, -2.913432, 20:08, 54.315780, -2.734189
54.322828, -2.745507, 08:56, 54.331482, -2.931770
54.348985, -2.925381, 17:24, 54.430439, -2.963045
54.198276, -3.093325, 13:40, 54.322984, -2.518705
54.205531, -2.659731, 09:20, 54.311358, -2.723767
54.333825, -2.737402, 13:08, 54.323742, -2.747555
54.193756, -3.090186, 17:22, 54.198060, -2.830002
54.336122, -2.740842, 18:48, 54.377761, -2.919809
54.191301, -3.096329, 18:04, 54.365296, -2.918576
54.297604, -2.759480, 12:12, 54.236417, -2.570546
54.217067, -2.730289, 18:36, 54.375350, -2.903316
54.195024, -3.096059, 17:16, 54.433717, -2.956585
54.298745, -2.801050, 10:28, 54.335620, -2.759473
54.231154, -2.694948, 10:54, 54.434803, -2.966878
54.379581, -2.914430, 14:56, 54.286231, -2.967032
54.236183, -2.765132, 16:34, 54.330918, -2.748268
54.196260, -3.094605, 12:48, 54.208014, -2.729393
54.228559, -2.772477, 13:20, 54.268543, -2.690050
54.462360, -3.015939, 12:02, 54.314290, -2.742601
54.307850, -3.091757, 09:18, 54.202445, -2.832651
54.435247, -2.963173, 10:08, 54.204355, -2.873868
54.425172, -2.907479, 12:34, 54.433622, -2.961716
54.273148, -2.786287, 13:06, 54.364083, -2.921996
54.195881, -3.091790, 15:24, 54.193255, -2.930282
54.191174, -3.098364, 12:48, 54.219457, -2.901624
54.272776, -2.782610, 10:58, 54.365136, -2.917110
54.236449, -3.179750, 19:38, 54.181084, -3.090098
54.227277, -2.770704, 10:14, 54.338122, -2.758996
54.332452, -2.753063, 15:24, 54.322360, -2.870389
54.205551, -3.075886, 08:32, 54.324028, -2.762043
54.190130, -2.914641, 08:24, 54.185287, -2.831524
54.202445, -2.832651, 15:20, 54.211755, -2.805054
54.321938, -2.746982, 16:50, 54.193756, -3.090186
54.433129, -2.962691, 17:46, 54.180439, -3.099795
54.370231, -3.046431, 07:32, 54.320286, -2.752518
54.221849, -2.528874, 16:44, 54.204715, -2.768459
54.318927, -2.741194, 17:14, 54.206484, -2.728278
54.322193, -2.758072, 12:44, 54.224958, -2.770630
54.267496, -2.815690, 12:14, 54.195383, -3.094184
54.283583, -2.633345, 10:20, 54.192000, -3.083580
54.110070, -3.160295, 14:40, 54.228702, -2.768506
54.255242, -2.852687, 18:16, 54.257970, -2.419554
54.458921, -3.025217, 17:52, 54.328885, -2.733853
54.325471, -2.500301, 09:52, 54.326612, -2.726263
54.323960, -2.529615, 12:44, 54.194574, -2.824675
54.296448, -2.797841, 19:04, 54.175549, -2.923266
54.402977, -2.714351, 16:26, 54.366721, -2.911989
54.327012, -2.724117, 17:00, 54.181627, -2.940455
54.259987, -2.964729, 09:34, 54.183384, -2.924774
54.296398, -3.041209, 14:02, 54.259240, -3.106068
54.356662, -2.770465, 17:32, 54.368117, -2.904324
54.194826, -3.095150, 09:28, 54.216333, -2.808578
54.194877, -3.080513, 14:30, 54.186295, -3.116838
54.192988, -3.091653, 08:20, 54.364359, -2.726270
54.323084, -3.018927, 09:36, 54.448194, -3.015110
54.180079, -2.926814, 15:56, 54.340339, -2.931263
54.368563, -3.000427, 14:32, 54.326080, -2.754499
54.348985, -2.925381, 15:42, 54.258819, -2.776957
54.411744, -2.938199, 18:14, 54.360205, -2.678781
54.361964, -2.917040, 09:42, 54.210842, -2.771655
54.256198, -2.749354, 10:26, 54.340550, -3.092591
54.200565, -2.725890, 13:26, 54.150072, -3.125678
54.109097, -3.125512, 17:14, 54.379951, -2.837534
54.323886, -2.747464, 17:12, 54.192822, -2.846542
54.363374, -2.774867, 12:24, 54.321794, -2.757111
54.333825, -2.754764, 19:16, 54.180560, -2.980759
54.373839, -2.905943, 14:50, 54.268227, -2.710250
54.263808, -2.817567, 17:36, 54.191301, -3.096329
54.317792, -2.744617, 10:30, 54.230755, -3.182165
54.238218, -3.060149, 17:56, 54.361281, -2.921780
54.329780, -2.738913, 14:30, 54.379111, -2.905213
54.172773, -3.100695, 14:24, 54.345580, -2.731582
54.178124, -3.095413, 18:16, 54.159624, -3.122016
54.182841, -2.921712, 10:06, 54.315763, -2.755725
54.330884, -2.740657, 13:02, 54.323511, -2.525412
54.276732, -2.749881, 09:56, 54.448771, -2.982472
54.225804, -2.780478, 12:40, 54.251130, -2.774756
54.376957, -2.909707, 16:36, 54.381476, -2.886837
54.358323, -2.919544, 15:08, 54.315055, -2.756880
54.105547, -3.131247, 10:36, 54.185579, -2.981261
54.190007, -3.087375, 11:30, 54.188173, -2.917923
54.248210, -3.002653, 08:54, 54.459038, -3.024261
54.322792, -2.722016, 17:14, 54.199471, -2.836347
54.391541, -2.691942, 20:20, 54.294952, -2.749398
54.376962, -2.825141, 12:26, 54.323882, -2.518621
54.309271, -3.162942, 12:18, 54.178714, -3.111455
54.216183, -2.783640, 15:58, 54.201277, -3.097359
54.235527, -2.773466, 17:10, 54.193211, -2.914939
54.205348, -2.728672, 10:54, 54.315701, -2.741321
54.314381, -2.739467, 08:32, 54.174521, -3.141677
54.432838, -2.963375, 17:56, 54.208359, -3.075484
54.281527, -2.717990, 07:32, 54.264195, -2.583919
54.343198, -2.757813, 19:30, 54.267872, -2.965604
54.289556, -2.656144, 09:32, 54.286438, -3.095107
54.264418, -2.790819, 15:16, 54.356785, -2.648768
54.417252, -2.905301, 12:14, 54.192084, -2.988220
54.332800, -2.735970, 09:22, 54.269140, -2.786150
54.282747, -2.972157, 13:52, 54.244018, -3.004209
54.235527, -2.773466, 07:14, 54.340410, -2.759592
54.374376, -2.902645, 15:06, 54.189447, -3.099498
54.314613, -2.751369, 09:18, 54.325741, -2.531437
54.367646, -2.909565, 10:48, 54.310597, -2.872660
54.216171, -2.891584, 18:00, 54.215065, -2.604908
54.272005, -2.771017, 12:30, 54.179016, -3.092188
54.195916, -3.083867, 15:10, 54.362775, -2.915549
54.193788, -3.090662, 16:48, 54.383677, -2.914678
54.229492, -2.769948, 18:14, 54.302508, -2.513176
54.227577, -2.770295, 13:20, 54.196243, -2.916983
54.312359, -2.751067, 09:44, 54.178430, -2.721487
54.318862, -2.745881, 10:26, 54.309397, -2.725453
54.367831, -3.071970, 18:22, 54.114233, -3.160072
54.349426, -2.778960, 18:52, 54.179257, -3.104208
54.373353, -2.916739, 14:26, 54.380422, -3.004106
54.296332, -3.026856, 19:22, 54.196308, -3.094239
54.256198, -2.749354, 09:04, 54.314801, -2.732480
54.273520, -2.451361, 18:54, 54.196937, -2.905885
54.202172, -2.595477, 16:42, 54.222743, -2.611893
54.312721, -2.752180, 15:14, 54.324035, -2.748114
54.228351, -2.761459, 17:04, 54.226928, -2.768949
54.182126, -2.918816, 09:00, 54.189235, -3.089270
54.148722, -3.134412, 14:54, 54.190130, -2.914641
54.159769, -3.116092, 13:38, 54.315666, -2.867617
54.186256, -2.980925, 08:02, 54.276114, -2.717098
54.237170, -3.057621, 17:20, 54.374383, -2.999725
54.376915, -2.906904, 10:00, 54.204008, -2.604027
54.321246, -2.745571, 15:04, 54.234514, -3.072436
54.246572, -2.570687, 10:06, 54.361305, -2.614430
54.390677, -2.914923, 16:28, 54.313458, -2.736069
54.328854, -2.752028, 17:16, 54.265656, -2.791150
54.438516, -3.021513, 18:22, 54.203461, -2.575887
54.263701, -3.029698, 18:24, 54.327626, -2.731140
54.197893, -3.085007, 08:54, 54.435442, -2.964565
54.201121, -2.953055, 09:32, 54.221587, -2.679756
54.328103, -2.747048, 17:48, 54.327748, -2.731757
54.192628, -2.921869, 17:00, 54.379135, -2.905601
54.267929, -3.089580, 10:52, 54.206089, -2.732364
54.255268, -3.068185, 15:42, 54.398300, -2.687022
54.379097, -2.905936, 16:06, 54.099051, -3.140566
54.239446, -2.559144, 08:52, 54.386129, -2.920935
54.319014, -2.744623, 16:34, 54.201587, -2.832142
54.203049, -2.832310, 08:36, 54.314125, -2.729901
54.387165, -2.890486, 15:14, 54.190949, -2.920467
54.152913, -3.129445, 09:16, 54.374479, -2.996787
54.369891, -2.907491, 20:04, 54.381540, -2.817997
54.306463, -2.718855, 16:10, 54.190741, -3.095655
